{
  "R-EF-01::5.5kW": {
    "cur_mag_mean": 13.806382322598706,
    "cur_mag_std": 1.6154198745627948,
    "cur_mag_thr": 14.751782837629062
  },
  "R-SF-01::5.5kW": {
    "cur_mag_mean": 10.419422797368222,
    "cur_mag_std": 1.6569503803036612,
    "cur_mag_thr": 15.070482514880599,
    "vibe_mean": 0.0031926057549088284,
    "vibe_std": 8.768633065371948e-05,
    "vibe_thr": 0.003471863017182256
  },
  "L-CAHU-01S::18.5kW": {
    "cur_mag_mean": 31.357822938233944,
    "cur_mag_std": 0.3935351165897694,
    "cur_mag_thr": 33.07106503828974
  },
  "L-CAHU-01R::11kW": {
    "cur_mag_mean": 28.443074370781567,
    "cur_mag_std": 0.19783302090437524,
    "cur_mag_thr": 28.850673953641685,
    "vibe_mean": 0.010352462090109395,
    "vibe_std": 7.807591207189468e-05,
    "vibe_thr": 0.010600071830268232
  },
  "L-EF-02::3.7kW": {
    "cur_mag_mean": 8.138113849577723,
    "cur_mag_std": 0.08002487457947721,
    "cur_mag_thr": 8.31010742613548,
    "vibe_mean": 0.00620742916446231,
    "vibe_std": 0.00011763317391794641,
    "vibe_thr": 0.006494737105647997
  },
  "R-CAHU-02S::22kW": {
    "cur_mag_mean": 21.24539964328389,
    "cur_mag_std": 0.6715591337687824,
    "cur_mag_thr": 22.001596721629223,
    "vibe_mean": 0.010634206971701815,
    "vibe_std": 0.00011131831518501265,
    "vibe_thr": 0.01079834814212775
  },
  "L-CAHU-01S::22kW": {
    "cur_mag_mean": 34.75254884040499,
    "cur_mag_std": 0.9657708032973511,
    "cur_mag_thr": 35.4375478538549,
    "vibe_mean": 0.012227618887500529,
    "vibe_std": 0.00022551319977096823,
    "vibe_thr": 0.012573710486389127
  },
  "L-EF-04::2.2kW": {
    "cur_mag_mean": 5.541263451015919,
    "cur_mag_std": 0.11568407948477638,
    "cur_mag_thr": 5.740526979692027,
    "vibe_mean": 0.005486809209795287,
    "vibe_std": 9.902087348065579e-05,
    "vibe_thr": 0.005782839636268765
  },
  "R-CAHU-01S::15kW": {
    "cur_mag_mean": 14.180422094326595,
    "cur_mag_std": 11.808750960334166,
    "cur_mag_thr": 47.327586039984595,
    "vibe_mean": 0.008685852362226966,
    "vibe_std": 0.00023060175204396094,
    "vibe_thr": 0.009278295765023344
  },
  "L-PAHU-03S::55kW": {
    "cur_mag_mean": 101.1200741573418,
    "cur_mag_std": 1.3347575411247448,
    "cur_mag_thr": 101.95802503705778,
    "vibe_mean": 0.014862772261348231,
    "vibe_std": 0.0005909310032779888,
    "vibe_thr": 0.016948613460450297
  },
  "L-SF-04::2.2kW": {
    "cur_mag_mean": 5.539236165130419,
    "cur_mag_std": 0.03638510124994168,
    "cur_mag_thr": 5.617361282378727,
    "vibe_mean": 0.006729217895696262,
    "vibe_std": 6.387932715815106e-05,
    "vibe_thr": 0.006799155306849075
  },
  "R-PAHU-04S::55kW": {
    "cur_mag_mean": 91.04961093131695,
    "cur_mag_std": 1.2667389790095935,
    "cur_mag_thr": 98.62210480041169,
    "vibe_mean": 0.015144078176791297,
    "vibe_std": 0.0002640376096941932,
    "vibe_thr": 0.015493126754196838
  },
  "L-PAC-01::7.5kW": {
    "cur_mag_mean": 16.55842471986069,
    "cur_mag_std": 4.991210615773959,
    "cur_mag_thr": 30.56875291833819,
    "vibe_mean": 0.01412367435499963,
    "vibe_std": 0.00044619829260631876,
    "vibe_thr": 0.014971582445812308
  },
  "L-PAHU-02S::37kW": {
    "cur_mag_mean": 57.57579468840321,
    "cur_mag_std": 2.3080491090943656,
    "cur_mag_thr": 59.230509892927,
    "vibe_mean": 0.01764694823808916,
    "vibe_std": 0.00015628903746263469,
    "vibe_thr": 0.018031594702838365
  },
  "L-CAHU-02S::22kW": {
    "cur_mag_mean": 32.376166687724016,
    "cur_mag_std": 0.8611700924763221,
    "cur_mag_thr": 33.00213888216911,
    "vibe_mean": 0.01723157756968286,
    "vibe_std": 0.0002434713441759752,
    "vibe_thr": 0.01785804992658139
  },
  "L-EF-01::3.7kW": {
    "cur_mag_mean": 9.236657717472847,
    "cur_mag_std": 0.25852184928183625,
    "cur_mag_thr": 9.532695132981981,
    "vibe_mean": 0.005856896809426709,
    "vibe_std": 0.0005143015749165391,
    "vibe_thr": 0.0070663911058089154
  },
  "R-CAHU-01S::18.5kW": {
    "cur_mag_mean": 32.118170512872666,
    "cur_mag_std": 2.9644526655019967,
    "cur_mag_thr": 40.43938914493677,
    "vibe_mean": 0.00885445151993905,
    "vibe_std": 0.00021399516322935907,
    "vibe_thr": 0.009377721955365445
  },
  "R-CAHU-02S::18.5kW": {
    "cur_mag_mean": 32.00877141733714,
    "cur_mag_std": 0.2667549811379188,
    "cur_mag_thr": 32.6568455349031,
    "vibe_mean": 0.03158226517199265,
    "vibe_std": 0.0007578329195841351,
    "vibe_thr": 0.03313377246663625
  },
  "R-PAHU-03S::30kW": {
    "cur_mag_mean": 48.29965223055663,
    "cur_mag_std": 1.2827786818233935,
    "cur_mag_thr": 49.604867054815806,
    "vibe_mean": 0.016438390525849694,
    "vibe_std": 0.00033867904678477976,
    "vibe_thr": 0.017181179781037337
  },
  "L-DEF-01::2.2kW": {
    "cur_mag_mean": 4.393870256645061,
    "cur_mag_std": 2.261856377164194,
    "cur_mag_thr": 30.304021757323262,
    "vibe_mean": 0.003348742962765635,
    "vibe_std": 0.0002858570660943446,
    "vibe_thr": 0.004298930394803539
  },
  "R-PAC-01S::7.5kW": {
    "cur_mag_mean": 16.25480949139948,
    "cur_mag_std": 0.9792395311707378,
    "cur_mag_thr": 16.6099273549759,
    "vibe_mean": 0.007835485795565481,
    "vibe_std": 0.00035478206442415215,
    "vibe_thr": 0.008506792641520964
  },
  "R-EF-03::2.2kW": {
    "cur_mag_mean": 5.091958800516809,
    "cur_mag_std": 1.6704690648146303,
    "cur_mag_thr": 18.324950561038765,
    "vibe_mean": 0.006228260236277379,
    "vibe_std": 7.755011377502051e-05,
    "vibe_thr": 0.006452592203114654
  },
  "L-SF-01::5.5kW": {
    "cur_mag_mean": 10.969954801548353,
    "cur_mag_std": 0.1071529303671009,
    "cur_mag_thr": 11.176535316323996,
    "vibe_mean": 0.003848438387114455,
    "vibe_std": 0.00013557070086038148,
    "vibe_thr": 0.004237520614451538
  },
  "L-DSF-01::2.2kW": {
    "cur_mag_mean": 3.8837581795071228,
    "cur_mag_std": 0.4783553899145475,
    "cur_mag_thr": 4.098077203810735,
    "vibe_mean": 0.005679012677285222,
    "vibe_std": 8.701806918128586e-05,
    "vibe_thr": 0.005798569824397033
  },
  "R-CAHU-01R::11kW": {
    "cur_mag_mean": 32.58761727976402,
    "cur_mag_std": 0.31202282368116774,
    "cur_mag_thr": 33.229523595373415,
    "vibe_mean": 0.010967788237094392,
    "vibe_std": 0.00038466940137409956,
    "vibe_thr": 0.011877992271902898
  },
  "R-CAHU-02R::11kW": {
    "cur_mag_mean": 26.89724269058407,
    "cur_mag_std": 2.8340658699443835,
    "cur_mag_thr": 40.91784898187327,
    "vibe_mean": 0.008656458441809158,
    "vibe_std": 0.00020515738795806587,
    "vibe_thr": 0.009224822417905463
  },
  "R-EF-05::2.2kW": {
    "cur_mag_mean": 3.7602991593013475,
    "cur_mag_std": 0.31911346955338404,
    "cur_mag_thr": 4.339522203729021,
    "vibe_mean": 0.007960227565738092,
    "vibe_std": 0.00012106787470380178,
    "vibe_thr": 0.008352592472556325
  },
  "L-SF-02::5.5kW": {
    "cur_mag_mean": 11.694251987772034,
    "cur_mag_std": 0.7011207205585506,
    "cur_mag_thr": 13.662297850379886,
    "vibe_mean": 0.004283306933658521,
    "vibe_std": 0.0005659443837293948,
    "vibe_thr": 0.0052166935647213475
  },
  "R-CAHU-01R::5.5kW": {
    "cur_mag_mean": 8.36798973107294,
    "cur_mag_std": 4.488919532375334,
    "cur_mag_thr": 20.9683868584505,
    "vibe_mean": 0.00923308975398754,
    "vibe_std": 0.0004607957795229537,
    "vibe_thr": 0.010221605760492974
  },
  "R-PAC-01R::3.75kW": {
    "cur_mag_mean": 13.759741790570654,
    "cur_mag_std": 0.09447735884701117,
    "cur_mag_thr": 13.95448894723247,
    "vibe_mean": 0.0064307401209155405,
    "vibe_std": 0.0001963228765403585,
    "vibe_thr": 0.006874019475951528
  },
  "R-DEF-01::2.2kW": {
    "cur_mag_mean": 4.674610667908598,
    "cur_mag_std": 0.8295109552386531,
    "cur_mag_thr": 4.751729632496808,
    "vibe_mean": 0.005691075960411491,
    "vibe_std": 0.00022921247434282802,
    "vibe_thr": 0.0061275619682969115
  },
  "L-EF-04::3.7kW": {
    "cur_mag_mean": 7.9435775795875285,
    "cur_mag_std": 0.14477297755545906,
    "cur_mag_thr": 8.174199703014303,